Track URI,Track Name,Album Name,Artist Name(s),Release Date,Duration (ms),Popularity,Explicit,Added By,Added At,Genres,Record Label,Danceability,Energy,Key,Loudness,Mode,Speechiness,Acousticness,Instrumentalness,Liveness,Valence,Tempo,Time Signature
spotify:track:4b7vk8SRcYgnxpk0JOIS7r,"Drugs You Should Try It","DAYS BEFORE RODEO","Travis Scott",2014-08-18,208487,75,true,v4r22b3zuhb58uhdj57xbfi1h,2024-08-23T14:32:23Z,"rap","Cactus Jack/Epic",0.593,0.559,1,-8.104,0,0.0571,0.525,0.00133,0.121,0.0729,139.982,4
spotify:track:6pcywuOeGGWeOQzdUyti6k,"Glock In My Lap","SAVAGE MODE II","21 Savage,Metro Boomin",2020-10-02,193591,80,true,v4r22b3zuhb58uhdj57xbfi1h,2024-08-14T13:08:08Z,"","Slaughter Gang, LLC/Epic/Boominati Worldwide/Republic",0.847,0.733,10,-6.439,0,0.16,0.00574,0.0000104,0.151,0.202,130.029,4
spotify:track:7BRD7x5pt8Lqa1eGYC4dzj,"CHIHIRO","HIT ME HARD AND SOFT","Billie Eilish",2024-05-17,303440,91,false,v4r22b3zuhb58uhdj57xbfi1h,2024-08-14T13:08:08Z,"","Darkroom/Interscope Records",0.7,0.425,7,-12.531,1,0.0529,0.144,0.879,0.083,0.521,110.015,4
spotify:track:6fPan2saHdFaIHuTSatORv,"L’AMOUR DE MA VIE","HIT ME HARD AND SOFT","Billie Eilish",2024-05-17,333986,85,false,v4r22b3zuhb58uhdj57xbfi1h,2024-08-14T13:08:08Z,"","Darkroom/Interscope Records",0.467,0.392,9,-9.355,1,0.0908,0.2,0.0174,0.106,0.313,145.104,4
spotify:track:09DR0sHnQUhHOiSNttc1mv,"Not Strong Enough","the record","boygenius,Julien Baker,Phoebe Bridgers,Lucy Dacus",2023-03-31,234933,75,false,v4r22b3zuhb58uhdj57xbfi1h,2024-08-14T13:08:08Z,"ambient folk","boygenius under exclusive license to Interscope Records",0.502,0.798,1,-5.909,1,0.0414,0.00291,0.0000111,0.0979,0.307,126.976,4
spotify:track:5In8B6Om5OKrhwBMB4tXSi,"Fuel","The Death of Slim Shady (Coup De Grâce)","Eminem,JID",2024-07-12,213646,75,true,v4r22b3zuhb58uhdj57xbfi1h,2024-08-14T13:08:08Z,"rap,hip hop","Shady/Aftermath/Interscope Records",0.885,0.662,1,-5.139,1,0.142,0.121,0,0.109,0.117,137.981,4
spotify:track:3xKsf9qdS1CyvXSMEid6g8,"Pink + White","Blonde","Frank Ocean",2016-08-20,184516,90,false,v4r22b3zuhb58uhdj57xbfi1h,2024-08-14T13:08:08Z,"","Boys Don't Cry",0.545,0.545,9,-7.362,1,0.107,0.667,0.0000548,0.417,0.549,159.94,3
spotify:track:28drn6tQo95MRvO0jQEo5C,"Type Shit","WE DON'T TRUST YOU","Future,Metro Boomin,Travis Scott,Playboi Carti",2024-03-22,228266,85,true,v4r22b3zuhb58uhdj57xbfi1h,2024-08-14T13:08:08Z,"rap,rage rap","Wilburn Holding Co./Boominati/Epic/Republic",0.64,0.552,2,-5.679,1,0.129,0.0215,0,0.119,0.112,144.941,4
spotify:track:2tudvzsrR56uom6smgOcSf,"Like That","WE DON'T TRUST YOU","Future,Metro Boomin,Kendrick Lamar",2024-03-22,267706,87,true,v4r22b3zuhb58uhdj57xbfi1h,2024-08-14T13:08:08Z,"rap,hip hop,west coast hip hop","Wilburn Holding Co./Boominati/Epic/Republic",0.814,0.676,11,-4.67,0,0.231,0.00709,0.0000128,0.119,0.312,162.012,4
spotify:track:0hKtu53OlIFXVuYkZwcn3o,"Cinderella","WE DON'T TRUST YOU","Future,Metro Boomin,Travis Scott",2024-03-22,169840,77,true,v4r22b3zuhb58uhdj57xbfi1h,2024-08-14T13:08:08Z,"rap","Wilburn Holding Co./Boominati/Epic/Republic",0.876,0.412,5,-7.74,0,0.0748,0.431,0,0.101,0.15,130.052,4
spotify:track:0Thqjtu54vKMP06pwZkAWp,"G.O.M.D","2014 Forest Hills Drive","J. Cole",2014-12-09,301064,74,true,v4r22b3zuhb58uhdj57xbfi1h,2024-08-14T13:08:08Z,"rap","Roc Nation Records LLC",0.889,0.4,4,-10.586,0,0.26,0.322,0.0000132,0.331,0.336,128.073,4
spotify:track:68Dni7IE4VyPkTOH9mRWHr,"No Role Modelz","2014 Forest Hills Drive","J. Cole",2014-12-09,292799,88,true,v4r22b3zuhb58uhdj57xbfi1h,2024-08-14T13:08:08Z,"rap","Roc Nation Records LLC",0.69,0.521,10,-8.492,0,0.339,0.324,0,0.0534,0.494,100.028,4
spotify:track:1D3z6HTiQsNmZxjl7F7eoG,"m y . l i f e (with 21 Savage & Morray)","The Off-Season","J. Cole,21 Savage,Morray",2021-05-14,218801,76,true,v4r22b3zuhb58uhdj57xbfi1h,2024-08-14T13:08:08Z,"rap","Dreamville, Inc., Under exclusive license to Roc Nation Records",0.597,0.587,7,-7.026,0,0.137,0.0622,0,0.214,0.0753,140.021,4
spotify:track:1udwFobQ1JoOdWPQrp2b6u,"Surround Sound (feat. 21 Savage & Baby Tate)","The Forever Story (Extended Version)","JID,21 Savage,Baby Tate",2022-10-31,229938,80,true,v4r22b3zuhb58uhdj57xbfi1h,2024-08-14T13:08:08Z,"","Dreamville/Interscope",0.574,0.567,7,-7.126,0,0.465,0.164,0,0.258,0.526,75.965,4
spotify:track:4EWCNWgDS8707fNSZ1oaA5,"Heartless","808s & Heartbreak","Kanye West",2008-11-24,211000,86,false,v4r22b3zuhb58uhdj57xbfi1h,2024-08-14T13:08:08Z,"rap","Roc-A-Fella",0.79,0.647,10,-5.983,0,0.136,0.0515,0,0.248,0.654,87.999,4
spotify:track:5SkRLpaGtvYPhw02vZhQQ9,"All Falls Down","The College Dropout","Kanye West,Syleena Johnson",2004-02-10,223506,84,true,v4r22b3zuhb58uhdj57xbfi1h,2024-08-14T13:08:08Z,"rap,neo soul","Roc-A-Fella",0.657,0.734,8,-4.832,0,0.484,0.149,0,0.139,0.434,91.03,4
spotify:track:1ko2NuvWlQdxtNRc8QQzmT,"Spaceship","The College Dropout","Kanye West,GLC,Consequence",2004-02-10,324226,68,true,v4r22b3zuhb58uhdj57xbfi1h,2024-08-14T13:08:08Z,"rap","Roc-A-Fella",0.507,0.753,5,-5.31,0,0.19,0.503,0,0.573,0.657,178.068,3
spotify:track:5g1vtHqi9uV7xtYeCcFOBx,"Jesus Walks","The College Dropout","Kanye West",2004-02-10,193733,72,true,v4r22b3zuhb58uhdj57xbfi1h,2024-08-14T13:08:08Z,"rap","Roc-A-Fella",0.637,0.834,3,-4.686,0,0.323,0.614,0,0.317,0.715,87.312,4
spotify:track:4mmkhcEm1Ljy1U9nwtsxUo,"Through The Wire","The College Dropout","Kanye West",2004-02-10,221226,77,true,v4r22b3zuhb58uhdj57xbfi1h,2024-08-14T13:08:08Z,"rap","Roc-A-Fella",0.571,0.739,7,-6.11,1,0.247,0.00865,0.00000521,0.158,0.66,83.089,4
spotify:track:4UQMOPSUVJVicIQzjAcRRZ,"Champion","Graduation","Kanye West",2007-09-11,167600,77,true,v4r22b3zuhb58uhdj57xbfi1h,2024-08-14T13:08:08Z,"rap","Roc-A-Fella",0.705,0.504,6,-8.307,1,0.226,0.00299,0,0.695,0.727,102.006,4
spotify:track:0j2T0R9dR9qdJYsB7ciXhf,"Stronger","Graduation","Kanye West",2007-09-11,311866,84,true,v4r22b3zuhb58uhdj57xbfi1h,2024-08-14T13:08:08Z,"rap","Roc-A-Fella",0.617,0.716,1,-7.858,1,0.136,0.0056,0,0.408,0.496,104.014,4
spotify:track:7rbECVPkY5UODxoOUVKZnA,"I Wonder","Graduation","Kanye West",2007-09-11,243440,85,true,v4r22b3zuhb58uhdj57xbfi1h,2024-08-14T13:08:08Z,"rap","Roc-A-Fella",0.542,0.466,0,-8.668,1,0.0824,0.141,0.000444,0.125,0.127,191.386,4
spotify:track:4ZPdLEztrlZqbJkgHNw54L,"Good Life","Graduation","Kanye West,T-Pain",2007-09-11,207000,78,true,v4r22b3zuhb58uhdj57xbfi1h,2024-08-14T13:08:08Z,"rap","Roc-A-Fella",0.439,0.808,1,-6.881,1,0.346,0.00305,0,0.439,0.486,82.962,4
spotify:track:0mEdbdeRFQwBhN4xfyIeUM,"Can't Tell Me Nothing","Graduation","Kanye West",2007-09-11,271600,84,true,v4r22b3zuhb58uhdj57xbfi1h,2024-08-14T13:08:08Z,"rap","Roc-A-Fella",0.587,0.62,5,-6.133,0,0.042,0.0122,0,0.82,0.106,79.928,4
spotify:track:5TRPicyLGbAF2LGBFbHGvO,"Flashing Lights","Graduation","Kanye West,Dwele",2007-09-11,237506,87,true,v4r22b3zuhb58uhdj57xbfi1h,2024-08-14T13:08:08Z,"rap,neo soul","Roc-A-Fella",0.639,0.628,6,-7.578,0,0.0398,0.0381,0,0.386,0.43,90.482,4
spotify:track:2QpGZOhTCHHiKmpSO9FW4h,"Follow God","JESUS IS KING","Kanye West",2019-10-25,104591,74,false,v4r22b3zuhb58uhdj57xbfi1h,2024-08-14T13:08:08Z,"rap","Getting Out Our Dreams II / Def Jam Recordings",0.529,0.9,1,-3.503,1,0.418,0.000248,0.0000121,0.0426,0.434,180.291,4
spotify:track:2dxjKgT0li4qBI3QwuN9Ih,"Touch The Sky","Late Registration","Kanye West,Lupe Fiasco",2005-08-30,236600,77,true,v4r22b3zuhb58uhdj57xbfi1h,2024-08-14T13:08:08Z,"rap","Roc-A-Fella",0.552,0.846,9,-4.912,1,0.342,0.0114,0,0.309,0.554,98.56,1
spotify:track:4KW1lqgSr8TKrvBII0Brf8,"Father Stretch My Hands Pt. 1","The Life Of Pablo","Kanye West",2016-06-10,135920,83,true,v4r22b3zuhb58uhdj57xbfi1h,2024-08-14T13:08:08Z,"rap","Rock The World/IDJ/Kanye LP7",0.724,0.573,7,-4.113,1,0.0549,0.118,0,0.538,0.438,113.088,4
spotify:track:19a3JfW8BQwqHWUMbcqSx8,"Famous","The Life Of Pablo","Kanye West",2016-06-10,196040,73,true,v4r22b3zuhb58uhdj57xbfi1h,2024-08-14T13:08:08Z,"rap","Rock The World/IDJ/Kanye LP7",0.465,0.735,6,-3.715,1,0.117,0.0711,0,0.0975,0.409,173.935,4
spotify:track:3nAq2hCr1oWsIU54tS98pL,"Waves","The Life Of Pablo","Kanye West",2016-06-10,181573,72,true,v4r22b3zuhb58uhdj57xbfi1h,2024-08-14T13:08:08Z,"rap","Rock The World/IDJ/Kanye LP7",0.557,0.586,10,-4.57,1,0.0382,0.0528,0.00000733,0.339,0.0681,96.091,4
spotify:track:30Zcjs7pgEkmJA1lEbGSWT,"FML","The Life Of Pablo","Kanye West",2016-06-10,236120,65,true,v4r22b3zuhb58uhdj57xbfi1h,2024-08-14T13:08:08Z,"rap","Rock The World/IDJ/Kanye LP7",0.527,0.415,5,-7.184,1,0.131,0.329,0,0.195,0.12,125.357,4
spotify:track:432hUIl3ISDeytYW5XBQ5h,"Wolves","The Life Of Pablo","Kanye West",2016-06-10,301586,69,true,v4r22b3zuhb58uhdj57xbfi1h,2024-08-14T13:08:08Z,"rap","Rock The World/IDJ/Kanye LP7",0.395,0.392,1,-8.034,1,0.0925,0.219,0.00173,0.134,0.103,155.856,4
spotify:track:0zLClc0emc6qUeV1p5nc99,"No More Parties In LA","The Life Of Pablo","Kanye West",2016-06-10,374413,74,true,v4r22b3zuhb58uhdj57xbfi1h,2024-08-14T13:08:08Z,"rap","Rock The World/IDJ/Kanye LP7",0.508,0.921,5,-1.644,1,0.303,0.246,0,0.221,0.681,93.058,4
spotify:track:1o0kWPueYo94LIjPYOE5Nf,"Saint Pablo","The Life Of Pablo","Kanye West",2016-06-10,372113,73,true,v4r22b3zuhb58uhdj57xbfi1h,2024-08-14T13:08:08Z,"rap","Rock The World/IDJ/Kanye LP7",0.461,0.772,2,-3.98,0,0.375,0.282,0,0.178,0.414,167.018,4
spotify:track:7yNK27ZTpHew0c55VvIJgm,"Dark Fantasy","My Beautiful Dark Twisted Fantasy","Kanye West",2010-11-22,280786,72,true,v4r22b3zuhb58uhdj57xbfi1h,2024-08-14T13:08:08Z,"rap","Roc-A-Fella",0.599,0.587,5,-5.919,1,0.0423,0.274,0,0.167,0.373,87.998,4
spotify:track:23SZWX2IaDnxmhFsSLvkG2,"Gorgeous","My Beautiful Dark Twisted Fantasy","Kanye West,Kid Cudi,Raekwon",2010-11-22,357653,72,true,v4r22b3zuhb58uhdj57xbfi1h,2024-08-14T13:08:08Z,"rap,east coast hip hop,old school hip hop,hardcore hip hop,hip hop,boom bap","Roc-A-Fella",0.598,0.713,6,-3.625,0,0.0326,0.0207,0.000175,0.431,0.118,91.964,4
spotify:track:2gZUPNdnz5Y45eiGxpHGSc,"POWER","My Beautiful Dark Twisted Fantasy","Kanye West",2010-11-22,292093,80,true,v4r22b3zuhb58uhdj57xbfi1h,2024-08-14T13:08:08Z,"rap","Roc-A-Fella",0.542,0.914,0,-4.747,0,0.113,0.0161,0,0.744,0.576,153.993,4
spotify:track:22L7bfCiAkJo5xGSQgmiIO,"All Of The Lights","My Beautiful Dark Twisted Fantasy","Kanye West",2010-11-22,299613,81,true,v4r22b3zuhb58uhdj57xbfi1h,2024-08-14T13:08:08Z,"rap","Roc-A-Fella",0.531,0.803,1,-3.284,1,0.0717,0.0796,0.0000171,0.176,0.221,142.113,4
spotify:track:1UGD3lW3tDmgZfAVDh6w7r,"Devil In A New Dress","My Beautiful Dark Twisted Fantasy","Kanye West,Rick Ross",2010-11-22,351946,83,true,v4r22b3zuhb58uhdj57xbfi1h,2024-08-14T13:08:08Z,"rap,southern hip hop","Roc-A-Fella",0.435,0.76,8,-4.935,0,0.0721,0.0175,0,0.158,0.206,80.082,4
spotify:track:3DK6m7It6Pw857FcQftMds,"Runaway","My Beautiful Dark Twisted Fantasy","Kanye West,Pusha T",2010-11-22,547733,85,true,v4r22b3zuhb58uhdj57xbfi1h,2024-08-14T13:08:08Z,"rap","Roc-A-Fella",0.374,0.568,1,-3.825,0,0.109,0.219,0.00219,0.513,0.111,84.733,4
spotify:track:2Im64pIz6m0EJKdUe6eZ8r,"Lost In The World","My Beautiful Dark Twisted Fantasy","Kanye West,Bon Iver",2010-11-22,256586,66,true,v4r22b3zuhb58uhdj57xbfi1h,2024-08-14T13:08:08Z,"rap,indie folk","Roc-A-Fella",0.608,0.746,5,-5.249,0,0.184,0.115,0.0087,0.427,0.277,117.072,4
spotify:track:6OON4kMjTFqARMFrRbmlwy,"STARS","VULTURES 1","Kanye West,Ty Dolla $ign",2024-02-09,115238,2,true,v4r22b3zuhb58uhdj57xbfi1h,2024-08-14T13:08:08Z,"rap,trap soul","YZY",0.584,0.567,0,-8.272,0,0.0436,0.258,0.121,0.118,0.266,125.991,4
spotify:track:3U21A07gAloCc4P7J8rxcn,"All Mine","ye","Kanye West",2018-06-01,145506,73,true,v4r22b3zuhb58uhdj57xbfi1h,2024-08-14T13:08:08Z,"rap","Getting Out Our Dreams, Inc./Def Jam Recordings",0.925,0.31,11,-6.531,0,0.291,0.123,0,0.0931,0.291,121.927,4
spotify:track:7vgTNTaEz3CsBZ1N4YQalM,"Ghost Town","ye","Kanye West,PARTYNEXTDOOR",2018-06-01,271386,82,true,v4r22b3zuhb58uhdj57xbfi1h,2024-08-14T13:08:08Z,"rap,dark r&b,r&b,trap soul","Getting Out Our Dreams, Inc./Def Jam Recordings",0.573,0.545,7,-4.247,0,0.0288,0.0969,0,0.329,0.297,83.378,4
spotify:track:3s7MCdXyWmwjdcWh7GWXas,"Violent Crimes","ye","Kanye West",2018-06-01,215320,83,true,v4r22b3zuhb58uhdj57xbfi1h,2024-08-14T13:08:08Z,"rap","Getting Out Our Dreams, Inc./Def Jam Recordings",0.669,0.419,1,-6.724,0,0.522,0.376,0,0.187,0.0397,109.813,4
spotify:track:3GCdLUSnKSMJhs4Tj6CV3s,"All The Stars (with SZA) - From Black Panther: The Album","Black Panther The Album Music From And Inspired By","Kendrick Lamar,SZA",2018-02-09,232186,95,true,v4r22b3zuhb58uhdj57xbfi1h,2024-08-14T13:08:08Z,"hip hop,west coast hip hop,r&b","Black Panther (TDE/DMG) PS",0.695,0.633,8,-4.946,1,0.0599,0.0612,0.000195,0.0926,0.557,96.782,4
spotify:track:6HZILIRieu8S0iqY8kIKhj,"DNA.","DAMN.","Kendrick Lamar",2017-04-14,185946,83,true,v4r22b3zuhb58uhdj57xbfi1h,2024-08-14T13:08:08Z,"hip hop,west coast hip hop","Aftermath",0.638,0.523,1,-6.664,1,0.357,0.00454,0,0.0842,0.422,139.913,4
spotify:track:1EaKU4dMbesXXd3BrLCtYG,"ELEMENT.","DAMN.","Kendrick Lamar",2017-04-14,208733,74,true,v4r22b3zuhb58uhdj57xbfi1h,2024-08-14T13:08:08Z,"hip hop,west coast hip hop","Aftermath",0.748,0.705,4,-4.547,0,0.485,0.204,0,0.246,0.483,189.891,4
spotify:track:6IZvVAP7VPPnsGX6bvgkqg,"PRIDE.","DAMN.","Kendrick Lamar",2017-04-14,275253,86,true,v4r22b3zuhb58uhdj57xbfi1h,2024-08-14T13:08:08Z,"hip hop,west coast hip hop","Aftermath",0.665,0.535,4,-7.056,0,0.0572,0.0786,0.0000168,0.154,0.37,138.842,4
spotify:track:6PGoSes0D9eUDeeAafB2As,"LOVE. FEAT. ZACARI.","DAMN.","Kendrick Lamar,Zacari",2017-04-14,213400,88,false,v4r22b3zuhb58uhdj57xbfi1h,2024-08-14T13:08:08Z,"hip hop,west coast hip hop","Aftermath",0.8,0.585,10,-7.343,1,0.0924,0.264,0,0.153,0.779,126.058,4
spotify:track:23luOrEVHMfoX0AhfbQuS6,"FEAR.","DAMN.","Kendrick Lamar",2017-04-14,460573,69,true,v4r22b3zuhb58uhdj57xbfi1h,2024-08-14T13:08:08Z,"hip hop,west coast hip hop","Aftermath",0.588,0.479,1,-7.039,1,0.281,0.604,0.0000072,0.527,0.434,150.414,4
spotify:track:0y9uTzK9cNKSAEHnpeRG8C,"DUCKWORTH.","DAMN.","Kendrick Lamar",2017-04-14,248613,75,true,v4r22b3zuhb58uhdj57xbfi1h,2024-08-14T13:08:08Z,"hip hop,west coast hip hop","Aftermath",0.552,0.731,7,-6.873,1,0.615,0.0536,0,0.258,0.632,174.516,4
spotify:track:77DRzu7ERs0TX3roZcre7Q,"euphoria","euphoria","Kendrick Lamar",2024-04-30,383639,80,true,v4r22b3zuhb58uhdj57xbfi1h,2024-08-14T13:08:08Z,"hip hop,west coast hip hop","Kendrick Lamar, under exclusive license to Interscope Records",0.831,0.643,1,-5.002,1,0.11,0.046,0,0.084,0.142,139.948,4
spotify:track:5h5tBFnbcVioFXiOixTn6E,"Bitch Don’t Kill My Vibe","good kid m.A.A.d city (Deluxe)","Kendrick Lamar",2012-10-22,310720,68,true,v4r22b3zuhb58uhdj57xbfi1h,2024-08-14T13:08:08Z,"hip hop,west coast hip hop","Aftermath",0.586,0.698,1,-8.948,1,0.0943,0.0151,0,0.443,0.098,133.954,4
spotify:track:1BR5vhAlaoUiijQ28p6jlN,"Backseat Freestyle","good kid m.A.A.d city (Deluxe)","Kendrick Lamar",2012-10-22,212653,62,true,v4r22b3zuhb58uhdj57xbfi1h,2024-08-14T13:08:08Z,"hip hop,west coast hip hop","Aftermath",0.547,0.651,1,-7.601,1,0.3,0.000739,0,0.235,0.645,77.878,4
spotify:track:0UtnpKaReKUg2GquaSxCyD,"Money Trees","good kid m.A.A.d city (Deluxe)","Kendrick Lamar,Jay Rock",2012-10-22,386906,70,true,v4r22b3zuhb58uhdj57xbfi1h,2024-08-14T13:08:08Z,"hip hop,west coast hip hop","Aftermath",0.716,0.531,7,-7.355,1,0.157,0.0709,0,0.22,0.335,71.972,4
spotify:track:3MLOAIJNWWS8FQpvdaiKR7,"Poetic Justice","good kid m.A.A.d city (Deluxe)","Kendrick Lamar,Drake",2012-10-22,300160,65,true,v4r22b3zuhb58uhdj57xbfi1h,2024-08-14T13:08:08Z,"hip hop,west coast hip hop,rap","Aftermath",0.778,0.569,6,-9.985,0,0.378,0.158,0,0.246,0.642,135.958,4
spotify:track:3qX1dqmDdmMvvfMVfsx4Bh,"m.A.A.d city","good kid m.A.A.d city (Deluxe)","Kendrick Lamar,MC Eiht",2012-10-22,350120,69,true,v4r22b3zuhb58uhdj57xbfi1h,2024-08-14T13:08:08Z,"hip hop,west coast hip hop,g-funk,gangster rap","Aftermath",0.487,0.729,2,-6.815,1,0.271,0.0538,0.00000409,0.44,0.217,91.066,4
spotify:track:1Z2FvDFZSDQ23s4BDqpWqZ,"Sing About Me I'm Dying Of Thirst","good kid m.A.A.d city (Deluxe)","Kendrick Lamar",2012-10-22,723573,64,true,v4r22b3zuhb58uhdj57xbfi1h,2024-08-14T13:08:08Z,"hip hop,west coast hip hop","Aftermath",0.654,0.753,8,-7.556,0,0.398,0.303,0.0000825,0.13,0.371,110.699,5
spotify:track:5jHilrZDaP1vJMZfdN1He3,"The Recipe - Bonus Track","good kid m.A.A.d city (Deluxe)","Kendrick Lamar,Dr. Dre",2012-10-22,352853,67,true,v4r22b3zuhb58uhdj57xbfi1h,2024-08-14T13:08:08Z,"hip hop,west coast hip hop,old school hip hop,g-funk,gangster rap,rap","Aftermath",0.764,0.782,1,-6.975,0,0.0725,0.000589,0,0.35,0.504,131,4
spotify:track:0NfYAsKygCYwPA2BgTZ1qg,"Now Or Never - Bonus Track","good kid m.A.A.d city (Deluxe)","Kendrick Lamar,Mary J. Blige",2012-10-22,256213,66,false,v4r22b3zuhb58uhdj57xbfi1h,2024-08-14T13:08:08Z,"hip hop,west coast hip hop,r&b","Aftermath",0.535,0.707,7,-5.879,0,0.21,0.264,0,0.305,0.784,100.534,4
spotify:track:5MMW4CZsZiZt2iuqAXzzWC,"The Heart Part 5","The Heart Part 5","Kendrick Lamar",2022-05-08,332228,57,true,v4r22b3zuhb58uhdj57xbfi1h,2024-08-14T13:08:08Z,"hip hop,west coast hip hop","pgLang/Top Dawg Entertainment/Aftermath/Interscope Records",0.7,0.812,1,-8.128,0,0.297,0.183,0,0.0756,0.801,97.405,4
spotify:track:5Gt9bxniM1SxN61yRzRhXL,"United In Grief","Mr. Morale & The Big Steppers","Kendrick Lamar",2022-05-13,255377,78,true,v4r22b3zuhb58uhdj57xbfi1h,2024-08-14T13:08:08Z,"hip hop,west coast hip hop","pgLang/Top Dawg Entertainment/Aftermath/Interscope Records",0.529,0.845,8,-8.142,1,0.404,0.244,0,0.143,0.331,85.63,3
spotify:track:0fX4oNGBWO3dSGUZcVdVV2,"N95","Mr. Morale & The Big Steppers","Kendrick Lamar",2022-05-13,195950,78,true,v4r22b3zuhb58uhdj57xbfi1h,2024-08-14T13:08:08Z,"hip hop,west coast hip hop","pgLang/Top Dawg Entertainment/Aftermath/Interscope Records",0.79,0.67,1,-5.527,1,0.105,0.377,0.00000232,0.119,0.408,139.956,4
spotify:track:2g6tReTlM2Akp41g0HaeXN,"Die Hard","Mr. Morale & The Big Steppers","Kendrick Lamar,Blxst,Amanda Reifer",2022-05-13,239026,80,true,v4r22b3zuhb58uhdj57xbfi1h,2024-08-14T13:08:08Z,"hip hop,west coast hip hop","pgLang/Top Dawg Entertainment/Aftermath/Interscope Records",0.775,0.736,1,-8.072,0,0.247,0.319,0.00116,0.127,0.362,100.988,4
spotify:track:28qA8y1sz0FTuSapsCxNOG,"Father Time (feat. Sampha)","Mr. Morale & The Big Steppers","Kendrick Lamar,Sampha",2022-05-13,222497,74,true,v4r22b3zuhb58uhdj57xbfi1h,2024-08-14T13:08:08Z,"hip hop,west coast hip hop,indie soul","pgLang/Top Dawg Entertainment/Aftermath/Interscope Records",0.514,0.779,10,-4.365,0,0.344,0.181,0,0.099,0.517,152.869,4
spotify:track:1QPreu0BNOrUfEb8HTd2qG,"Rich Spirit","Mr. Morale & The Big Steppers","Kendrick Lamar",2022-05-13,202285,76,true,v4r22b3zuhb58uhdj57xbfi1h,2024-08-14T13:08:08Z,"hip hop,west coast hip hop","pgLang/Top Dawg Entertainment/Aftermath/Interscope Records",0.852,0.421,10,-9.153,0,0.208,0.428,0.00000228,0.106,0.457,95.977,4
spotify:track:1REVvAphiSTJyKQ1fDpHa4,"Purple Hearts","Mr. Morale & The Big Steppers","Kendrick Lamar,Summer Walker,Ghostface Killah",2022-05-13,329295,66,true,v4r22b3zuhb58uhdj57xbfi1h,2024-08-14T13:08:08Z,"hip hop,west coast hip hop,r&b,east coast hip hop,hardcore hip hop","pgLang/Top Dawg Entertainment/Aftermath/Interscope Records",0.567,0.824,3,-6.973,0,0.296,0.167,0.00000265,0.149,0.737,138.202,4
spotify:track:6BU1RZexmvJcBjgagVVt3M,"Count Me Out","Mr. Morale & The Big Steppers","Kendrick Lamar",2022-05-13,283642,80,true,v4r22b3zuhb58uhdj57xbfi1h,2024-08-14T13:08:08Z,"hip hop,west coast hip hop","pgLang/Top Dawg Entertainment/Aftermath/Interscope Records",0.776,0.431,4,-7.544,0,0.091,0.671,0,0.153,0.495,133.999,4
spotify:track:4zMxWSP2qZUy5CBCH5PdzZ,"Crown","Mr. Morale & The Big Steppers","Kendrick Lamar",2022-05-13,264299,62,true,v4r22b3zuhb58uhdj57xbfi1h,2024-08-14T13:08:08Z,"hip hop,west coast hip hop","pgLang/Top Dawg Entertainment/Aftermath/Interscope Records",0.355,0.245,1,-13.475,0,0.0358,0.801,0.0000911,0.112,0.162,173.329,4
spotify:track:5xoYormSTltk6F9SlQV6mm,"Mirror","Mr. Morale & The Big Steppers","Kendrick Lamar",2022-05-13,256006,67,true,v4r22b3zuhb58uhdj57xbfi1h,2024-08-14T13:08:08Z,"hip hop,west coast hip hop","pgLang/Top Dawg Entertainment/Aftermath/Interscope Records",0.652,0.67,2,-8.766,1,0.0639,0.225,0.000014,0.0804,0.274,91.933,4
spotify:track:6AI3ezQ4o3HUoP6Dhudph3,"Not Like Us","Not Like Us","Kendrick Lamar",2024-05-04,274192,93,true,v4r22b3zuhb58uhdj57xbfi1h,2024-08-14T13:08:08Z,"hip hop,west coast hip hop","Kendrick Lamar, under exclusive license to Interscope Records",0.898,0.472,1,-7.001,1,0.0776,0.0107,0,0.141,0.214,101.061,4
spotify:track:2Fw5S2gaOSZzdN5dFoC2dj,"A.D.H.D","Section.80","Kendrick Lamar",2011-07-02,215509,77,true,v4r22b3zuhb58uhdj57xbfi1h,2024-08-14T13:08:08Z,"hip hop,west coast hip hop","Top Dawg Entertainment / Section.80",0.609,0.799,9,-6.883,1,0.24,0.33,0,0.108,0.582,157.74,4
spotify:track:4WEuEfFiczWxblHyuucSBL,"HiiiPower","Section.80","Kendrick Lamar",2011-07-02,279854,68,true,v4r22b3zuhb58uhdj57xbfi1h,2024-08-14T13:08:08Z,"hip hop,west coast hip hop","Top Dawg Entertainment / Section.80",0.695,0.827,6,-5.742,0,0.282,0.179,0,0.283,0.538,81.024,4
spotify:track:7Ks4VCY1wFebnOdJrM13t6,"Wesley's Theory","To Pimp A Butterfly","Kendrick Lamar,George Clinton,Thundercat",2015-03-16,287360,74,true,v4r22b3zuhb58uhdj57xbfi1h,2024-08-14T13:08:08Z,"hip hop,west coast hip hop,funk","Aftermath",0.509,0.787,7,-6.754,1,0.265,0.359,0.0000276,0.26,0.507,114.449,4
spotify:track:0N3W5peJUQtI4eyR6GJT5O,"King Kunta","To Pimp A Butterfly","Kendrick Lamar",2015-03-16,234693,78,true,v4r22b3zuhb58uhdj57xbfi1h,2024-08-14T13:08:08Z,"hip hop,west coast hip hop","Aftermath",0.884,0.657,6,-4.569,0,0.0977,0.00589,0,0.154,0.489,107.059,4
spotify:track:7uWVT3UkCAZyANvv0bdyQn,"These Walls","To Pimp A Butterfly","Kendrick Lamar,Bilal,Anna Wise,Thundercat",2015-03-16,300973,70,true,v4r22b3zuhb58uhdj57xbfi1h,2024-08-14T13:08:08Z,"hip hop,west coast hip hop,neo soul,alternative r&b","Aftermath",0.752,0.489,1,-5.233,1,0.137,0.11,0.00000357,0.202,0.373,108.005,4
spotify:track:3iVcZ5G6tvkXZkZKlMpIUs,"Alright","To Pimp A Butterfly","Kendrick Lamar",2015-03-16,219333,83,true,v4r22b3zuhb58uhdj57xbfi1h,2024-08-14T13:08:08Z,"hip hop,west coast hip hop","Aftermath",0.796,0.766,7,-5.974,1,0.238,0.0742,0,0.0827,0.558,110.034,4
spotify:track:4tQcyj5488alHT1ZgFduzn,"How Much A Dollar Cost","To Pimp A Butterfly","Kendrick Lamar,James Fauntleroy,Ronald Isley",2015-03-16,261746,65,true,v4r22b3zuhb58uhdj57xbfi1h,2024-08-14T13:08:08Z,"hip hop,west coast hip hop,quiet storm","Aftermath",0.624,0.729,1,-4.747,1,0.198,0.415,0,0.135,0.334,87.948,4
spotify:track:3I0FBDc1c1BLNtXWKVjmFg,"untitled 02 | 06.23.2014.","untitled unmastered.","Kendrick Lamar",2016-03-04,258826,66,true,v4r22b3zuhb58uhdj57xbfi1h,2024-08-14T13:08:08Z,"hip hop,west coast hip hop","Aftermath",0.667,0.508,5,-10.337,1,0.451,0.341,0,0.644,0.093,89.436,3
spotify:track:3V8vWoCbKbfjNrPaQ4YtSg,"untitled 05 | 09.21.2014.","untitled unmastered.","Kendrick Lamar",2016-03-04,338426,62,true,v4r22b3zuhb58uhdj57xbfi1h,2024-08-14T13:08:08Z,"hip hop,west coast hip hop","Aftermath",0.461,0.62,0,-9.822,1,0.496,0.321,0,0.151,0.422,153.941,4
spotify:track:5bBUDJUfGcG7eFy3Bf4fXv,"untitled 08 | 09.06.2014.","untitled unmastered.","Kendrick Lamar",2016-03-04,235506,71,true,v4r22b3zuhb58uhdj57xbfi1h,2024-08-14T13:08:08Z,"hip hop,west coast hip hop","Aftermath",0.85,0.524,11,-9.375,0,0.204,0.25,0.00000246,0.114,0.686,120.004,4
spotify:track:3aUFrxO1B8EW63QchEl3wX,"Feel The Love","KIDS SEE GHOSTS","KIDS SEE GHOSTS,Pusha T",2018-06-08,165053,61,true,v4r22b3zuhb58uhdj57xbfi1h,2024-08-14T13:08:08Z,"","Getting Out Our Dreams, Inc./Def Jam Recordings",0.58,0.469,0,-5.946,0,0.104,0.126,0.0000732,0.099,0.369,110.573,4
spotify:track:6JyEh4kl9DLwmSAoNDRn5b,"4th Dimension","KIDS SEE GHOSTS","KIDS SEE GHOSTS,Louis Prima",2018-06-08,153351,68,true,v4r22b3zuhb58uhdj57xbfi1h,2024-08-14T13:08:08Z,"swing music,big band","Getting Out Our Dreams, Inc./Def Jam Recordings",0.765,0.542,1,-6.755,1,0.39,0.278,0.0000187,0.609,0.734,171.945,4
spotify:track:4RVbK6cV0VqWdpCDcx3hiT,"Reborn","KIDS SEE GHOSTS","KIDS SEE GHOSTS",2018-06-08,324674,68,true,v4r22b3zuhb58uhdj57xbfi1h,2024-08-14T13:08:08Z,"","Getting Out Our Dreams, Inc./Def Jam Recordings",0.585,0.597,0,-7.499,1,0.037,0.339,0.0404,0.195,0.227,100.051,4
spotify:track:0uxSUdBrJy9Un0EYoBowng,"20 Min","Luv Is Rage 2 (Deluxe)","Lil Uzi Vert",2017-11-17,220586,85,true,v4r22b3zuhb58uhdj57xbfi1h,2024-08-14T13:08:08Z,"melodic rap","Generation Now/Atlantic",0.773,0.75,8,-4.009,0,0.117,0.109,0,0.174,0.783,123.426,4
spotify:track:0vjeOZ3Ft5jvAi9SBFJm1j,"Superhero (Heroes & Villains) [with Future & Chris Brown]","HEROES & VILLAINS","Metro Boomin,Future,Chris Brown",2022-12-02,182666,83,true,v4r22b3zuhb58uhdj57xbfi1h,2024-08-14T13:08:08Z,"rap,r&b","Republic Records",0.709,0.583,5,-5.298,0,0.204,0.138,0.00000297,0.195,0.533,116.624,4
spotify:track:1pacwLXyRO47ka0v6LTIiY,"Raindrops (Insane) [with Travis Scott]","HEROES & VILLAINS","Metro Boomin,Travis Scott",2022-12-02,188586,74,true,v4r22b3zuhb58uhdj57xbfi1h,2024-08-14T13:08:08Z,"rap","Republic Records",0.804,0.539,7,-5.949,0,0.0391,0.0972,0,0.347,0.12,111.975,4
spotify:track:5wG3HvLhF6Y5KTGlK0IW3J,"Trance (with Travis Scott & Young Thug)","HEROES & VILLAINS","Metro Boomin,Travis Scott,Young Thug",2022-12-02,194786,85,true,v4r22b3zuhb58uhdj57xbfi1h,2024-08-14T13:08:08Z,"rap,melodic rap,trap","Republic Records",0.765,0.552,1,-7.524,0,0.309,0.175,0,0.193,0.492,119.476,4
spotify:track:4WuOWVnAqvEQxgSRrspBgt,"Niagara Falls (Foot or 2) [with Travis Scott & 21 Savage]","HEROES & VILLAINS","Metro Boomin,Travis Scott,21 Savage",2022-12-02,207306,77,true,v4r22b3zuhb58uhdj57xbfi1h,2024-08-14T13:08:08Z,"rap","Republic Records",0.667,0.648,2,-5.117,1,0.284,0.175,0.000155,0.147,0.254,87.975,4
spotify:track:34sOdxWu9FljH84UXdRwu1,"all-american bitch","GUTS","Olivia Rodrigo",2023-09-08,165833,78,true,v4r22b3zuhb58uhdj57xbfi1h,2024-08-14T13:08:08Z,"","Olivia Rodrigo PS",0.421,0.695,6,-4.346,1,0.0428,0.218,0.00000297,0.155,0.45,156.344,4
spotify:track:3IX0yuEVvDbnqUwMBB3ouC,"bad idea right?","GUTS","Olivia Rodrigo",2023-09-08,184783,81,true,v4r22b3zuhb58uhdj57xbfi1h,2024-08-14T13:08:08Z,"","Olivia Rodrigo PS",0.631,0.881,9,-3.545,1,0.0995,0.00177,0.0000045,0.0639,0.808,129.981,4
spotify:track:1kuGVB7EU95pJObxwvfwKS,"vampire","GUTS","Olivia Rodrigo",2023-09-08,219724,87,true,v4r22b3zuhb58uhdj57xbfi1h,2024-08-14T13:08:08Z,"","Olivia Rodrigo PS",0.484,0.53,5,-5.821,1,0.0538,0.154,0,0.263,0.323,136.848,4
spotify:track:2gyxAWHebV7xPYVxqoi86f,"get him back!","GUTS","Olivia Rodrigo",2023-09-08,211141,80,true,v4r22b3zuhb58uhdj57xbfi1h,2024-08-14T13:08:08Z,"","Olivia Rodrigo PS",0.553,0.847,5,-5.736,1,0.187,0.0143,0,0.561,0.733,162.024,4
spotify:track:6tNgRQ0K2NYZ0Rb9l9DzL8,"obsessed","GUTS (spilled)","Olivia Rodrigo",2024-03-22,170541,79,true,v4r22b3zuhb58uhdj57xbfi1h,2024-08-14T13:08:08Z,"","Olivia Rodrigo PS",0.68,0.581,8,-5.166,1,0.106,0.0181,0.00000107,0.276,0.63,119.974,4
spotify:track:5Jh1i0no3vJ9u4deXkb4aV,"so american","GUTS (spilled)","Olivia Rodrigo",2024-03-22,169717,79,true,v4r22b3zuhb58uhdj57xbfi1h,2024-08-14T13:08:08Z,"","Olivia Rodrigo PS",0.435,0.947,8,-1.896,1,0.117,0.0337,0,0.691,0.503,93.278,4
spotify:track:4vjvx7Zxkb4AltGcZ0BBvI,"Kyoto","Punisher","Phoebe Bridgers",2020-06-18,184524,68,false,v4r22b3zuhb58uhdj57xbfi1h,2024-08-14T13:08:08Z,"","Dead Oceans",0.6,0.749,11,-6.889,1,0.0419,0.0467,0.295,0.0915,0.485,131.024,4
spotify:track:46RNrAkGsqWTDrv2ZPOAbx,"Moon Song","Punisher","Phoebe Bridgers",2020-06-18,277676,73,false,v4r22b3zuhb58uhdj57xbfi1h,2024-08-14T13:08:08Z,"","Dead Oceans",0.339,0.243,1,-12.512,1,0.056,0.869,0.00369,0.107,0.183,154.909,3
spotify:track:5BN59BDczcpxstFKILIH0q,"Savior Complex","Punisher","Phoebe Bridgers",2020-06-18,241640,68,false,v4r22b3zuhb58uhdj57xbfi1h,2024-08-14T13:08:08Z,"","Dead Oceans",0.377,0.44,4,-11.878,1,0.0325,0.931,0.0196,0.105,0.224,128.999,3
spotify:track:0pJW1Xw3aY4Eh6k5iuBkfI,"I Know The End","Punisher","Phoebe Bridgers",2020-06-18,344692,78,false,v4r22b3zuhb58uhdj57xbfi1h,2024-08-14T13:08:08Z,"","Dead Oceans",0.323,0.323,1,-10.268,1,0.0351,0.33,0.0229,0.233,0.256,111.826,4
spotify:track:5xo8RrjJ9CVNrtRg2S3B1R,"Motion Sickness","Stranger in the Alps","Phoebe Bridgers",2017-09-22,229760,78,false,v4r22b3zuhb58uhdj57xbfi1h,2024-08-14T13:08:08Z,"","Dead Oceans",0.651,0.546,1,-9.021,1,0.0357,0.774,0.0437,0.0842,0.623,107.021,4
spotify:track:3rJDsZjIaCfJQSqRUvl0BM,"Funeral","Stranger in the Alps","Phoebe Bridgers",2017-09-22,232373,72,false,v4r22b3zuhb58uhdj57xbfi1h,2024-08-14T13:08:08Z,"","Dead Oceans",0.218,0.263,11,-14.416,1,0.0376,0.947,0.00028,0.0919,0.307,170.724,4
spotify:track:6Uwi2Qk3H7fM4b4W4ExrAp,"Scott Street","Stranger in the Alps","Phoebe Bridgers",2017-09-22,305000,80,false,v4r22b3zuhb58uhdj57xbfi1h,2024-08-14T13:08:08Z,"","Dead Oceans",0.508,0.417,10,-9.632,1,0.0296,0.77,0.0928,0.0887,0.483,134.944,4
spotify:track:3OHfY25tqY28d16oZczHc8,"Kill Bill","SOS","SZA",2022-12-09,153946,81,false,v4r22b3zuhb58uhdj57xbfi1h,2024-08-14T13:08:08Z,"r&b","Top Dawg Entertainment/RCA Records",0.644,0.728,8,-5.75,1,0.0351,0.0543,0.169,0.161,0.43,88.993,4
spotify:track:6gBFPUFcJLzWGx4lenP6h2,"goosebumps","Birds In The Trap Sing McKnight","Travis Scott",2016-09-16,243836,88,true,v4r22b3zuhb58uhdj57xbfi1h,2024-08-14T13:08:22Z,"rap","Cactus Jack / Epic",0.841,0.728,7,-3.37,1,0.0484,0.0847,0,0.149,0.43,130.049,4
spotify:track:2QeQNF182V61Im0QpjdVta,"Pornography","Rodeo","Travis Scott",2015-09-04,231826,65,true,v4r22b3zuhb58uhdj57xbfi1h,2024-08-14T13:08:22Z,"rap","Cactus Jack / Epic",0.625,0.648,11,-5.887,1,0.117,0.105,0,0.712,0.342,129.065,4
spotify:track:51EC3I1nQXpec4gDk0mQyP,"90210 (feat. Kacy Hill)","Rodeo","Travis Scott,Kacy Hill",2015-09-04,339066,83,true,v4r22b3zuhb58uhdj57xbfi1h,2024-08-14T13:08:22Z,"rap","Cactus Jack / Epic",0.402,0.527,9,-6.737,0,0.0917,0.113,0.00000848,0.105,0.31,81.42,4
spotify:track:3xby7fOyqmeON8jsnom0AT,"Nightcrawler (feat. Swae Lee & Chief Keef)","Rodeo","Travis Scott,Swae Lee,Chief Keef",2015-09-04,321560,82,true,v4r22b3zuhb58uhdj57xbfi1h,2024-08-14T13:08:22Z,"rap,chicago drill,drill","Cactus Jack / Epic",0.522,0.731,3,-3.803,0,0.0325,0.0013,0,0.132,0.179,124.055,4
spotify:track:4kjI1gwQZRKNDkw1nI475M,"MY EYES","UTOPIA","Travis Scott",2023-07-28,251249,85,true,v4r22b3zuhb58uhdj57xbfi1h,2024-08-14T13:08:22Z,"rap","Cactus Jack/Epic",0.455,0.621,0,-7.694,0,0.0517,0.651,0.00000259,0.123,0.28,119.043,4
spotify:track:42VsgItocQwOQC3XWZ8JNA,"FE!N (feat. Playboi Carti)","UTOPIA","Travis Scott,Playboi Carti",2023-07-28,191700,89,true,v4r22b3zuhb58uhdj57xbfi1h,2024-08-14T13:08:22Z,"rap,rage rap","Cactus Jack/Epic",0.569,0.882,3,-2.777,0,0.06,0.0316,0,0.142,0.201,148.038,4
spotify:track:6wsqVwoiVH2kde4k4KKAFU,"I KNOW ?","UTOPIA","Travis Scott",2023-07-28,211582,84,true,v4r22b3zuhb58uhdj57xbfi1h,2024-08-14T13:08:22Z,"rap","Cactus Jack/Epic",0.927,0.619,5,-4.441,0,0.0539,0.0186,0,0.104,0.817,117.995,4
spotify:track:0lodMO0qK83vfPiiD7FMEt,"TOPIA TWINS (feat. Rob49 & 21 Savage)","UTOPIA","Travis Scott,Rob49,21 Savage",2023-07-28,223173,78,true,v4r22b3zuhb58uhdj57xbfi1h,2024-08-14T13:08:22Z,"rap","Cactus Jack/Epic",0.715,0.567,1,-4.481,0,0.0865,0.06,0,0.0655,0.332,160.098,4
spotify:track:1i9lZvlaDdWDPyXEE95aiq,"TELEKINESIS (feat. SZA & Future)","UTOPIA","Travis Scott,SZA,Future",2023-07-28,353754,81,true,v4r22b3zuhb58uhdj57xbfi1h,2024-08-14T13:08:22Z,"rap,r&b","Cactus Jack/Epic",0.458,0.535,5,-4.854,0,0.0281,0.575,0,0.168,0.216,82.826,4
spotify:track:76gcXhY3Zv6wW0BTe9nHJo,"TIL FURTHER NOTICE (feat. James Blake & 21 Savage)","UTOPIA","Travis Scott,James Blake,21 Savage",2023-07-28,314836,79,true,v4r22b3zuhb58uhdj57xbfi1h,2024-08-14T13:08:22Z,"rap","Cactus Jack/Epic",0.65,0.659,3,-6.522,0,0.123,0.174,0.00772,0.126,0.154,76.985,4
spotify:track:3A4cpTBPaIQdtPFb5JxtaX,"Slow Jamz","The College Dropout","Twista,Kanye West,Jamie Foxx",2004-02-10,316053,75,true,v4r22b3zuhb58uhdj57xbfi1h,2024-08-14T13:08:22Z,"rap","Roc-A-Fella",0.559,0.733,2,-5.659,0,0.171,0.314,0,0.284,0.611,145.115,4
spotify:track:2cYqizR4lgvp4Qu6IQ3qGN,"BUTTERFLY EFFECT","ASTROWORLD","Travis Scott",2018-08-03,190557,84,false,v4r22b3zuhb58uhdj57xbfi1h,2024-08-14T13:18:42Z,"rap","Cactus Jack / Epic",0.763,0.628,11,-5.85,1,0.05,0.0531,0,0.114,0.193,140.958,4
spotify:track:5s6ToF2Jl5GGuBh3Wj9qnT,"Skyfall (feat. Young Thug)","DAYS BEFORE RODEO","Travis Scott,Young Thug",2014-08-18,314423,64,true,v4r22b3zuhb58uhdj57xbfi1h,2024-08-23T14:32:35Z,"rap,melodic rap,trap","Cactus Jack/Epic",0.618,0.734,11,-6.39,0,0.116,0.104,0,0.28,0.252,98.442,4
spotify:track:19YKaevk2bce4odJkP5L22,"Nikes","Blonde","Frank Ocean",2016-08-20,314075,74,true,v4r22b3zuhb58uhdj57xbfi1h,2024-08-29T14:07:22Z,"","Boys Don't Cry",0.633,0.395,8,-9.638,1,0.0857,0.692,0.000222,0.108,0.123,138.023,4
spotify:track:2ZWlPOoWh0626oTaHrnl2a,"Ivy","Blonde","Frank Ocean",2016-08-20,249191,87,true,v4r22b3zuhb58uhdj57xbfi1h,2024-08-29T14:07:26Z,"","Boys Don't Cry",0.575,0.386,9,-9.584,0,0.037,0.785,0.000289,0.229,0.466,116.408,4
spotify:track:2LMkwUfqC6S6s6qDVlEuzV,"White Ferrari","Blonde","Frank Ocean",2016-08-20,248807,88,false,v4r22b3zuhb58uhdj57xbfi1h,2024-08-29T14:09:37Z,"","Boys Don't Cry",0.501,0.0958,0,-15.605,1,0.0433,0.77,0,0.298,0.204,108.741,4
spotify:track:2DHNCWZYmVr1Lv08q5b0kB,"Roses","Late Registration","Kanye West",2005-08-30,245866,67,true,v4r22b3zuhb58uhdj57xbfi1h,2024-09-04T18:59:01Z,"rap","Roc-A-Fella",0.723,0.465,3,-6.454,0,0.0952,0.259,0.000027,0.108,0.513,97.702,4
spotify:track:3sNVsP50132BTNlImLx70i,"Bound 2","Yeezus","Kanye West",2013-06-18,229146,85,true,v4r22b3zuhb58uhdj57xbfi1h,2024-09-04T18:59:01Z,"rap","Rock The World/IDJ/Kanye/LP6",0.367,0.665,1,-2.821,1,0.0465,0.145,0,0.113,0.31,148.913,4
spotify:track:0uFz9q2SvuKyWB6Ur1YCfI,"Mamacita (feat. Rich Homie Quan & Young Thug)","DAYS BEFORE RODEO","Travis Scott,Rich Homie Quan,Young Thug",2014-08-18,272772,69,true,v4r22b3zuhb58uhdj57xbfi1h,2024-09-04T18:59:01Z,"rap,southern hip hop,melodic rap,trap","Cactus Jack/Epic",0.802,0.863,11,-3.099,1,0.0746,0.0108,0,0.144,0.237,115.035,4
spotify:track:1eQBEelI2NCy7AUTerX0KS,"Ultralight Beam","The Life Of Pablo","Kanye West",2016-06-10,320680,69,true,v4r22b3zuhb58uhdj57xbfi1h,2024-09-05T16:38:24Z,"rap","Rock The World/IDJ/Kanye LP7",0.592,0.403,0,-8.768,0,0.414,0.62,0,0.54,0.391,105.169,4
spotify:track:6UFivO2zqqPFPoQYsEMuCc,"Bags","Immunity","Clairo",2019-08-02,260519,83,false,v4r22b3zuhb58uhdj57xbfi1h,2024-09-06T18:40:07Z,"bedroom pop","FADER Label",0.742,0.546,1,-7.694,1,0.0315,0.172,0.38,0.115,0.868,104.996,4
spotify:track:5bIgzvxvlefRUCQK9JPocF,"Garden Song","Punisher","Phoebe Bridgers",2020-06-18,219681,66,false,v4r22b3zuhb58uhdj57xbfi1h,2024-09-09T16:31:20Z,"","Dead Oceans",0.426,0.274,0,-16.649,1,0.146,0.856,0.00658,0.111,0.169,100.255,4
spotify:track:2mWfVxEo4xZYDaz0v7hYrN,"Juna","Charm","Clairo",2024-07-12,195109,83,false,v4r22b3zuhb58uhdj57xbfi1h,2024-09-11T21:01:16Z,"bedroom pop","Clairo",0.606,0.714,3,-6.244,1,0.0339,0.238,0.098,0.106,0.448,141.512,4
spotify:track:3WOhcATHxK2SLNeP5W3v1v,"Guess featuring billie eilish","Guess featuring billie eilish","Charli xcx,Billie Eilish",2024-08-01,143330,82,false,v4r22b3zuhb58uhdj57xbfi1h,2024-09-16T05:36:05Z,"hyperpop,art pop","Atlantic Records",0.776,0.667,7,-6.622,1,0.0983,0.0146,0.3,0.0761,0.618,130.019,4
spotify:track:3Y1EvIgEVw51XtgNEgpz5c,"Von dutch","BRAT","Charli xcx",2024-06-07,164284,86,true,v4r22b3zuhb58uhdj57xbfi1h,2024-09-23T11:29:54Z,"hyperpop,art pop","Atlantic Records",0.706,0.698,10,-5.679,1,0.0537,0.00298,0.00375,0.116,0.648,130.013,4
spotify:track:7fvld2LGlUhz15CjeaLewh,"Killing Time","Imaginal Disk","Magdalena Bay",2024-08-23,233546,64,false,v4r22b3zuhb58uhdj57xbfi1h,2024-10-05T13:27:45Z,"","Mom+Pop",0.429,0.877,0,-6.362,1,0.0753,0.0272,0.0273,0.2,0.735,120.08,4
spotify:track:0QW0KPBXXv67haGjbtkRRB,"Image","Imaginal Disk","Magdalena Bay",2024-08-23,212866,72,false,v4r22b3zuhb58uhdj57xbfi1h,2024-10-05T13:27:45Z,"","Mom+Pop",0.611,0.863,5,-6.369,0,0.0421,0.000291,0.17,0.15,0.851,128.015,3
spotify:track:5m3rVRNkTv5EQnPuF293we,"Death & Romance","Imaginal Disk","Magdalena Bay",2024-08-23,314733,67,false,v4r22b3zuhb58uhdj57xbfi1h,2024-10-05T13:27:45Z,"","Mom+Pop",0.566,0.964,6,-4.366,1,0.062,0.00316,0.00183,0.111,0.388,106.022,4
spotify:track:4j9WdbfKvyx7fBQb4qygYr,"The Ballad of Matt & Mica","Imaginal Disk","Magdalena Bay",2024-08-23,240000,59,false,v4r22b3zuhb58uhdj57xbfi1h,2024-10-05T13:27:45Z,"","Mom+Pop",0.336,0.765,6,-6.334,1,0.0501,0.25,0.145,0.175,0.375,91.975,4
spotify:track:6O6VDSgm7Cxrk7kIJhyIFo,"Vampire in the Corner","Imaginal Disk","Magdalena Bay",2024-08-23,202440,60,false,v4r22b3zuhb58uhdj57xbfi1h,2024-10-05T19:08:18Z,"","Mom+Pop",0.637,0.577,4,-8.236,1,0.0428,0.168,0.00211,0.487,0.318,115.004,4
spotify:track:5YTJXAM6j8jEQ5vC8Q67GL,"Georgia","Stranger in the Alps","Phoebe Bridgers",2017-09-22,247306,62,false,v4r22b3zuhb58uhdj57xbfi1h,2024-10-14T13:08:08Z,"","Dead Oceans",0.478,0.439,2,-11.877,1,0.05,0.865,0.0122,0.105,0.287,101.893,4
spotify:track:57L5EYzCfHS7Jd58rV33lW,"HIGHJACK","HIGHJACK","A$AP Rocky,Jessica Pratt",2024-08-02,190074,74,true,v4r22b3zuhb58uhdj57xbfi1h,2024-10-15T16:10:03Z,"rap,ambient folk","A$AP Worldwide",0.61,0.682,7,-4.877,1,0.123,0.318,0,0.321,0.694,142.966,4
spotify:track:6xRWoYwfwIKnT8bQGzKbxR,"God Is","JESUS IS KING","Kanye West",2019-10-25,203141,79,false,v4r22b3zuhb58uhdj57xbfi1h,2024-10-19T18:38:05Z,"rap","Getting Out Our Dreams II / Def Jam Recordings",0.656,0.637,1,-3.867,1,0.0256,0.34,0,0.187,0.267,105.037,4
spotify:track:4WJPxTsvWIdRZ9vMtqk7fj,"Nomad","Charm","Clairo",2024-07-12,225572,68,false,v4r22b3zuhb58uhdj57xbfi1h,2024-10-20T10:48:02Z,"bedroom pop","Clairo",0.51,0.453,8,-11.172,1,0.0313,0.901,0.0000749,0.152,0.269,83.044,4
spotify:track:6QlSPjiXHc1XwGKeEls6Gh,"Echo","Charm","Clairo",2024-07-12,229853,65,false,v4r22b3zuhb58uhdj57xbfi1h,2024-10-20T10:49:31Z,"bedroom pop","Clairo",0.56,0.705,6,-5.676,0,0.0258,0.604,0.938,0.403,0.199,112.501,4
spotify:track:3awweDjWIuXNMogMClJnvE,"Sexy to Someone","Charm","Clairo",2024-07-12,207795,77,false,v4r22b3zuhb58uhdj57xbfi1h,2024-10-20T10:56:41Z,"bedroom pop","Clairo",0.716,0.545,0,-6.949,0,0.0329,0.352,0.00369,0.101,0.826,98.23,4
spotify:track:722tgOgdIbNe3BEyLnejw4,"Black Skinhead","Yeezus","Kanye West",2013-06-18,188013,75,true,v4r22b3zuhb58uhdj57xbfi1h,2024-11-03T18:00:22Z,"rap","Rock The World/IDJ/Kanye/LP6",0.766,0.809,1,-6.123,1,0.279,0.0011,0,0.168,0.325,130.127,4
spotify:track:01K4zKU104LyJ8gMb7227B,"Nothing New (feat. Phoebe Bridgers) (Taylor’s Version) (From The Vault)","Red (Taylor's Version)","Taylor Swift,Phoebe Bridgers",2021-11-12,258812,73,false,v4r22b3zuhb58uhdj57xbfi1h,2024-11-07T08:18:31Z,"","Taylor Swift",0.606,0.377,0,-9.455,1,0.0275,0.817,0,0.154,0.446,101.96,4
spotify:track:1wHZx0LgzFHyeIZkUydNXq,"Antidote","Rodeo","Travis Scott",2015-09-04,262693,76,true,v4r22b3zuhb58uhdj57xbfi1h,2024-11-07T22:00:57Z,"rap","Cactus Jack / Epic",0.714,0.527,1,-5.046,1,0.0322,0.00787,0.00015,0.124,0.123,131.046,4
spotify:track:6scpNkWEmUxmKY7nYjVLsX,"Apple Pie","Rodeo","Travis Scott",2015-09-04,219360,73,true,v4r22b3zuhb58uhdj57xbfi1h,2024-11-07T22:01:25Z,"rap","Cactus Jack / Epic",0.656,0.496,3,-4.139,0,0.0364,0.0335,0,0.156,0.28,137.932,4
spotify:track:42GcjriRK6srwHkfbkBqVl,"Blood On The Leaves","Yeezus","Kanye West",2013-06-18,359800,66,true,v4r22b3zuhb58uhdj57xbfi1h,2024-11-09T14:38:20Z,"rap","Rock The World/IDJ/Kanye/LP6",0.397,0.69,2,-4.108,0,0.195,0.395,0,0.101,0.36,172.073,4
spotify:track:6vnfObZ4Ys70SBAtti1xZ9,"COFFEE BEAN","ASTROWORLD","Travis Scott",2018-08-03,209115,72,true,v4r22b3zuhb58uhdj57xbfi1h,2024-11-16T11:16:49Z,"rap","Cactus Jack / Epic",0.81,0.582,5,-5.098,0,0.125,0.0862,0.00681,0.207,0.503,95.004,4
spotify:track:6OaVWaGfhXn70ZJfdVcabn,"NO BYSTANDERS","ASTROWORLD","Travis Scott",2018-08-03,218283,75,true,v4r22b3zuhb58uhdj57xbfi1h,2024-11-16T11:17:03Z,"rap","Cactus Jack / Epic",0.731,0.811,1,-3.225,1,0.0712,0.0204,0,0.411,0.426,147.045,4
spotify:track:6NMtzpDQBTOfJwMzgMX0zl,"SKELETONS","ASTROWORLD","Travis Scott",2018-08-03,145588,80,true,v4r22b3zuhb58uhdj57xbfi1h,2024-11-16T11:17:06Z,"rap","Cactus Jack / Epic",0.46,0.686,0,-5.948,0,0.0367,0.00146,0,0.375,0.252,148.054,4
spotify:track:4MXhiYIRDMGAuvZc5IFTwC,"ASTROTHUNDER","ASTROWORLD","Travis Scott",2018-08-03,142969,81,true,v4r22b3zuhb58uhdj57xbfi1h,2024-11-17T23:22:38Z,"rap","Cactus Jack / Epic",0.7,0.46,4,-8.111,0,0.0661,0.142,0.0000481,0.111,0.286,151.901,4
spotify:track:0nj9Bq5sHDiTxSHunhgkFb,"squabble up","GNX","Kendrick Lamar",2024-11-22,157992,87,true,v4r22b3zuhb58uhdj57xbfi1h,2024-11-22T17:21:58Z,"hip hop,west coast hip hop","pgLang, under exclusive license to Interscope Records",0.874,0.672,0,-5.568,1,0.198,0.0206,0,0.0783,0.711,103.921,4
spotify:track:45J4avUb9Ni0bnETYaYFVJ,"luther (with sza)","GNX","Kendrick Lamar,SZA",2024-11-22,177598,90,false,v4r22b3zuhb58uhdj57xbfi1h,2024-11-22T17:24:08Z,"hip hop,west coast hip hop,r&b","pgLang, under exclusive license to Interscope Records",0.707,0.575,2,-7.546,1,0.125,0.251,0,0.248,0.576,138.008,4
spotify:track:4K1Pg0FLno1ltzX3jeqT83,"dodger blue (feat. wallie the sensei siete7x roddy ricch)","GNX","Kendrick Lamar,Wallie the Sensei,Siete7x,Roddy Ricch",2024-11-22,131240,78,true,v4r22b3zuhb58uhdj57xbfi1h,2024-11-22T17:53:44Z,"hip hop,west coast hip hop,melodic rap","pgLang, under exclusive license to Interscope Records",0.796,0.536,6,-7.93,1,0.109,0.0552,0,0.112,0.662,83.492,4
spotify:track:0aB0v4027ukVziUGwVGYpG,"tv off (feat. lefty gunplay)","GNX","Kendrick Lamar,Lefty Gunplay",2024-11-22,220690,91,true,v4r22b3zuhb58uhdj57xbfi1h,2024-11-22T17:53:53Z,"hip hop,west coast hip hop,mexican hip hop","pgLang, under exclusive license to Interscope Records",0.855,0.529,6,-6.679,0,0.263,0.0837,0,0.423,0.548,100.036,4
spotify:track:5ho7VSXSmI2KM2nDjcnLyz,"man at the garden","GNX","Kendrick Lamar",2024-11-22,233173,74,true,v4r22b3zuhb58uhdj57xbfi1h,2024-11-22T17:53:58Z,"hip hop,west coast hip hop","pgLang, under exclusive license to Interscope Records",0.817,0.348,7,-10.213,0,0.29,0.51,0.000119,0.11,0.634,91.997,4
spotify:track:5S8VwnB4sLi6W0lYTWYylu,"hey now (feat. dody6)","GNX","Kendrick Lamar,Dody6",2024-11-22,217478,80,true,v4r22b3zuhb58uhdj57xbfi1h,2024-11-22T19:30:22Z,"hip hop,west coast hip hop","pgLang, under exclusive license to Interscope Records",0.806,0.358,10,-8.769,1,0.117,0.00443,0.00162,0.412,0.188,102.011,4
spotify:track:4JLBaHFkjxnbf9X0D8G3zQ,"Glory of the Snow","Charm","Clairo",2024-07-12,170832,65,false,v4r22b3zuhb58uhdj57xbfi1h,2024-11-25T23:48:12Z,"bedroom pop","Clairo",0.731,0.55,5,-8.715,0,0.0376,0.735,0.367,0.103,0.588,117.995,4
spotify:track:1SGvjfc85yzqKXsfKcCxn2,"heart pt. 6","GNX","Kendrick Lamar",2024-11-22,292461,77,true,v4r22b3zuhb58uhdj57xbfi1h,2024-11-26T19:24:10Z,"hip hop,west coast hip hop","pgLang, under exclusive license to Interscope Records",0.704,0.647,9,-7.664,1,0.325,0.27,0,0.109,0.585,80.998,4
spotify:track:0RgjEkSbeuStKfT2Pa4Zai,"reincarnated","GNX","Kendrick Lamar",2024-11-22,275740,76,true,v4r22b3zuhb58uhdj57xbfi1h,2024-11-27T06:54:05Z,"hip hop,west coast hip hop","pgLang, under exclusive license to Interscope Records",0.846,0.779,7,-5.363,1,0.254,0.0534,0,0.299,0.748,91.118,4
spotify:track:7eqoqGkKwgOaWNNHx90uEZ,"Nights","Blonde","Frank Ocean",2016-08-20,307151,83,true,v4r22b3zuhb58uhdj57xbfi1h,2024-11-27T14:10:40Z,"","Boys Don't Cry",0.457,0.551,5,-9.36,0,0.167,0.427,0.00000115,0.113,0.428,89.87,4
spotify:track:32fwe7MW5koort1Ua3YFx6,"Terrapin","Charm","Clairo",2024-07-12,180289,72,false,v4r22b3zuhb58uhdj57xbfi1h,2024-12-01T15:29:55Z,"bedroom pop","Clairo",0.582,0.441,4,-7.394,1,0.0452,0.231,0.74,0.188,0.469,136.932,4
spotify:track:4h5x3XHLVYFJaItKuO2rhy,"Ghost in the Machine (feat. Phoebe Bridgers)","SOS","SZA,Phoebe Bridgers",2022-12-09,218586,73,true,v4r22b3zuhb58uhdj57xbfi1h,2024-12-09T18:13:00Z,"r&b","Top Dawg Entertainment/RCA Records",0.624,0.433,6,-9.572,1,0.0467,0.837,0.0294,0.113,0.589,124.979,4
spotify:track:05viacwP18vZkQozDwS5kN,"That's My Floor","Imaginal Disk","Magdalena Bay",2024-08-23,209800,58,false,v4r22b3zuhb58uhdj57xbfi1h,2024-12-11T12:27:58Z,"","Mom+Pop",0.48,0.92,1,-6.337,1,0.137,0.0101,0.0663,0.861,0.482,168.028,4
spotify:track:0wgOhYnqZKjOHr6bmdz0aN,"gloria (with sza)","GNX","Kendrick Lamar,SZA",2024-11-22,287522,76,true,v4r22b3zuhb58uhdj57xbfi1h,2024-12-12T23:29:31Z,"hip hop,west coast hip hop,r&b","pgLang, under exclusive license to Interscope Records",0.719,0.555,2,-9.785,0,0.27,0.22,0,0.127,0.413,140.07,4
spotify:track:6FcDxtnGfsYHOcGkXN2OIG,"Add Up My Love","Charm","Clairo",2024-07-12,205263,74,false,v4r22b3zuhb58uhdj57xbfi1h,2024-12-13T21:11:06Z,"bedroom pop","Clairo",0.715,0.621,8,-6.761,1,0.027,0.17,0.0011,0.111,0.769,104.964,4
spotify:track:5QqyRUZeBE04yJxsD1OC0I,"Summer Bummer (feat. A$AP Rocky & Playboi Carti)","Lust For Life","Lana Del Rey,A$AP Rocky,Playboi Carti",2017-07-21,260672,67,true,v4r22b3zuhb58uhdj57xbfi1h,2024-12-14T23:12:20Z,"rap,rage rap","Polydor Records",0.76,0.574,1,-8.57,1,0.126,0.0155,0.0000202,0.199,0.137,134.981,4
spotify:track:4X5f3vT8MRuXF68pfjNte5,"F**kin' Problems (feat. Drake 2 Chainz & Kendrick Lamar)","LONG.LIVE.A$AP (Deluxe Version)","A$AP Rocky,Drake,2 Chainz,Kendrick Lamar",2013,233786,81,true,v4r22b3zuhb58uhdj57xbfi1h,2024-12-14T23:21:24Z,"rap,southern hip hop,hip hop,west coast hip hop","A$AP Worldwide/Polo Grounds Music/RCA Records",0.853,0.693,1,-6.87,1,0.275,0.0239,0,0.11,0.662,95.967,4
spotify:track:0iMN420Q45isZVNlAqzPTW,"Love Game","The Marshall Mathers LP2 (Deluxe)","Eminem,Kendrick Lamar",2013-11-05,296953,57,true,v4r22b3zuhb58uhdj57xbfi1h,2024-12-14T23:36:18Z,"rap,hip hop,west coast hip hop","Aftermath",0.766,0.941,9,-2.546,1,0.18,0.36,0,0.586,0.707,105.52,4
spotify:track:6ZGoFntcQUWTPGGQPQmecY,"Kody Blu 31","The Forever Story (Extended Version)","JID",2022-10-31,224629,65,true,v4r22b3zuhb58uhdj57xbfi1h,2024-12-14T23:47:31Z,"","Dreamville/Interscope",0.571,0.724,4,-7.871,0,0.134,0.119,0.00000435,0.423,0.528,76.014,4
spotify:track:0TAUAUIEtq06TdQDVlUSxW,"Hurricane","Donda (Deluxe)","Kanye West",2021-11-14,243187,56,false,v4r22b3zuhb58uhdj57xbfi1h,2024-12-15T00:16:11Z,"rap","Getting Out Our Dreams II, LLC / Def Jam Recordings",0.388,0.568,9,-6.549,0,0.224,0.0456,0,0.0918,0.394,78.342,4
spotify:track:5CZ40GBx1sQ9agT82CLQCT,"traitor","SOUR","Olivia Rodrigo",2021-05-21,229226,89,false,v4r22b3zuhb58uhdj57xbfi1h,2024-12-15T00:27:38Z,"","Olivia Rodrigo PS",0.38,0.339,3,-7.885,1,0.0338,0.691,0,0.12,0.0849,100.607,4
spotify:track:6koKhrBBcExADvWuOgceNZ,"Open Arms (feat. Travis Scott)","SOS","SZA,Travis Scott",2022-12-08,239613,84,false,v4r22b3zuhb58uhdj57xbfi1h,2024-12-15T00:30:16Z,"r&b,rap","Top Dawg Entertainment/RCA Records",0.434,0.586,9,-7.612,1,0.138,0.753,0.0144,0.146,0.239,78.259,4
spotify:track:6LyAwkJsHlW7RQ8S1cYAtM,"Overdue (with Travis Scott)","NOT ALL HEROES WEAR CAPES (Deluxe)","Metro Boomin,Travis Scott",2018-11-06,166093,78,true,v4r22b3zuhb58uhdj57xbfi1h,2024-12-15T00:49:09Z,"rap","Republic Records",0.634,0.401,11,-11.212,0,0.0446,0.731,0.000132,0.334,0.494,150.174,4
spotify:track:4rVs9KjC3YVA7v54kVSHUV,"Cry for Me","Imaginal Disk","Magdalena Bay",2024-08-23,307266,63,false,v4r22b3zuhb58uhdj57xbfi1h,2024-12-16T21:44:03Z,"","Mom+Pop",0.52,0.9,6,-5.02,0,0.0319,0.00592,0.0285,0.177,0.403,114.974,4
spotify:track:4ZPNGLtydYARKP681L3TAF,"So Much Wine","So Much Wine","Phoebe Bridgers",2022-11-17,243600,57,false,v4r22b3zuhb58uhdj57xbfi1h,2024-12-18T09:22:47Z,"","Dead Oceans",0.524,0.501,0,-8.972,1,0.0299,0.755,0.000011,0.106,0.388,125.981,4
spotify:track:2gAGWaK4wvt2xrFUlR4mK8,"Jukebox Joints (feat. Joe Fox & Kanye West)","AT.LONG.LAST.A$AP","A$AP Rocky,Joe Fox,Kanye West",2015-05-26,323960,78,true,v4r22b3zuhb58uhdj57xbfi1h,2024-12-24T01:14:49Z,"rap","A$AP Worldwide/Polo Grounds Music/RCA Records",0.284,0.803,2,-5.293,0,0.173,0.302,0,0.242,0.553,67.536,4
spotify:track:0O3TAouZE4vL9dM5SyxgvH,"Fashion Killa","LONG.LIVE.A$AP (Deluxe Version)","A$AP Rocky",2013,236280,84,true,v4r22b3zuhb58uhdj57xbfi1h,2024-12-24T15:21:03Z,"rap","A$AP Worldwide/Polo Grounds Music/RCA Records",0.801,0.819,11,-5.189,1,0.158,0.292,0,0.515,0.811,139.969,4
spotify:track:2yUzr8Sr6ldG8vmHhZwTnz,"née-nah","american dream","21 Savage,Travis Scott,Metro Boomin",2024-01-12,220584,75,true,v4r22b3zuhb58uhdj57xbfi1h,2024-12-27T00:19:47Z,"rap","Slaughter Gang, LLC/Epic Records",0.681,0.758,1,-6.524,1,0.188,0.00465,0,0.555,0.331,165.409,4
spotify:track:7G0gBu6nLdhFDPRLc0HdDG,"Mine (Taylor's Version)","Speak Now (Taylor's Version)","Taylor Swift",2023-07-07,231706,76,false,v4r22b3zuhb58uhdj57xbfi1h,2024-12-27T00:49:14Z,"","Taylor Swift",0.647,0.793,7,-2.903,1,0.0363,0.00314,0.00000193,0.174,0.5,121.101,4
spotify:track:0HAqq2GcQKyi3s87GuN7jU,"Amoeba","Sling","Clairo",2021-07-16,228922,76,false,v4r22b3zuhb58uhdj57xbfi1h,2024-12-29T21:54:45Z,"bedroom pop","Republic Records",0.739,0.491,6,-11.515,1,0.027,0.791,0.0366,0.1,0.707,111.008,4
spotify:track:5w52BJAqGkV1ewaCVLmjhi,"Smoke Signals","Stranger in the Alps","Phoebe Bridgers",2017-09-22,324773,64,true,v4r22b3zuhb58uhdj57xbfi1h,2025-01-05T16:27:57Z,"","Dead Oceans",0.265,0.237,10,-14.599,1,0.0351,0.945,0.000267,0.112,0.19,87.912,1
spotify:track:2lD6AoA8qf2t4Dkf2TcmNK,"Rigamortus","Section.80","Kendrick Lamar",2011-07-02,168591,66,true,v4r22b3zuhb58uhdj57xbfi1h,2025-01-07T19:39:07Z,"hip hop,west coast hip hop","Top Dawg Entertainment / Section.80",0.52,0.807,2,-6.281,1,0.409,0.24,0.00257,0.199,0.628,178.012,4
spotify:track:34KUIBsIUiPV7oCIzSdDAU,"Diamonds From Sierra Leone - Remix","Late Registration","Kanye West,JAY-Z",2005-08-30,233400,64,true,v4r22b3zuhb58uhdj57xbfi1h,2025-01-13T14:07:22Z,"rap,hip hop,east coast hip hop","Roc-A-Fella",0.672,0.814,7,-3.768,1,0.27,0.258,0,0.164,0.379,97.043,4
spotify:track:5LJ4ig9cMvjui3li1mrNRl,"Punisher","Punisher","Phoebe Bridgers",2020-06-18,189622,65,false,v4r22b3zuhb58uhdj57xbfi1h,2025-01-19T03:09:51Z,"","Dead Oceans",0.32,0.227,1,-12.803,1,0.0448,0.986,0.000353,0.108,0.215,83.912,4
spotify:track:0tP8FKhJsar5y4JcOH4Rjp,"You Lose!","Mercurial World","Magdalena Bay",2021-10-08,204391,55,false,v4r22b3zuhb58uhdj57xbfi1h,2025-01-28T22:09:42Z,"","Luminelle Recordings",0.628,0.909,9,-6.168,0,0.0423,0.0000678,0.372,0.923,0.164,120.01,4
spotify:track:0vMlVGJuREJk3c7vvObE5Z,"Hysterical Us","Mercurial World","Magdalena Bay",2021-10-08,235565,49,false,v4r22b3zuhb58uhdj57xbfi1h,2025-01-28T22:45:07Z,"","Luminelle Recordings",0.755,0.779,7,-6.718,1,0.0474,0.0455,0.000164,0.218,0.553,114.989,4
spotify:track:3z6XUommYDWPHeFhmhhT6j,"Message In A Bottle (Taylor's Version) (From The Vault)","Red (Taylor's Version)","Taylor Swift",2021-11-12,225960,75,false,v4r22b3zuhb58uhdj57xbfi1h,2025-01-30T00:24:04Z,"","Taylor Swift",0.622,0.791,7,-6.106,1,0.0535,0.00188,0.00000372,0.083,0.494,115.915,4
spotify:track:2Uts1QFB4u2YNIMiqcb4de,"peekaboo (feat. azchike)","GNX","Kendrick Lamar,AZ Chike",2024-11-22,155917,84,true,v4r22b3zuhb58uhdj57xbfi1h,2025-02-03T10:29:02Z,"hip hop,west coast hip hop,hyphy","pgLang, under exclusive license to Interscope Records",0.889,0.298,1,-9.086,1,0.182,0.00306,0.0000126,0.173,0.314,100.042,4
spotify:track:3WkEKyrkEtbqN6mxZQi1dn,"Dawning of the Season","Mercurial World","Magdalena Bay",2021-10-08,204363,50,false,v4r22b3zuhb58uhdj57xbfi1h,2025-02-05T17:55:44Z,"","Luminelle Recordings",0.745,0.764,5,-6.941,0,0.0402,0.00102,0.719,0.411,0.62,111.019,4
spotify:track:3MytWN8L7shNYzGl4tAKRp,"Sparks Fly (Taylor’s Version)","Speak Now (Taylor's Version)","Taylor Swift",2023-07-07,261230,73,false,v4r22b3zuhb58uhdj57xbfi1h,2025-02-05T22:42:54Z,"","Taylor Swift",0.605,0.769,5,-2.413,1,0.032,0.0241,0,0.0936,0.366,114.921,4
spotify:track:6CmpZfKUQ2KerzBFZ3QKFr,"Mr. Morale","Mr. Morale & The Big Steppers","Kendrick Lamar,Tanna Leone",2022-05-13,210841,66,true,v4r22b3zuhb58uhdj57xbfi1h,2025-02-15T21:29:15Z,"hip hop,west coast hip hop","pgLang/Top Dawg Entertainment/Aftermath/Interscope Records",0.727,0.53,9,-8.616,1,0.312,0.283,0.0000276,0.392,0.258,174.025,3
spotify:track:6HU7h9RYOaPRFeh0R3UeAr,"deja vu","SOUR","Olivia Rodrigo",2021-05-21,215506,89,true,v4r22b3zuhb58uhdj57xbfi1h,2025-02-25T01:39:44Z,"","Olivia Rodrigo PS",0.442,0.612,2,-7.222,1,0.112,0.584,0.0000057,0.37,0.178,180.917,4
spotify:track:0MMyJUC3WNnFS1lit5pTjk,"jealousy jealousy","SOUR","Olivia Rodrigo",2021-05-21,173160,84,false,v4r22b3zuhb58uhdj57xbfi1h,2025-02-25T01:39:54Z,"","Olivia Rodrigo PS",0.695,0.575,10,-6.334,0,0.116,0.198,0,0.0614,0.699,163.929,4
spotify:track:4ZtFanR9U6ndgddUvNcjcG,"good 4 u","SOUR","Olivia Rodrigo",2021-05-21,178146,86,true,v4r22b3zuhb58uhdj57xbfi1h,2025-02-25T01:44:35Z,"","Olivia Rodrigo PS",0.563,0.664,9,-5.044,1,0.154,0.335,0,0.0849,0.688,166.928,4
spotify:track:40IQooNkPRVtn4zlE3ZFpA,"untitled 07 | 2014 - 2016","untitled unmastered.","Kendrick Lamar",2016-03-04,496173,58,true,v4r22b3zuhb58uhdj57xbfi1h,2025-03-06T19:50:41Z,"hip hop,west coast hip hop","Aftermath",0.567,0.463,6,-11.669,0,0.504,0.732,0,0.709,0.324,126.982,4
spotify:track:0rNgWFQJtfttOYIHfDOHCg,"BACKD00R (feat. Kendrick Lamar & Jhené Aiko)","MUSIC","Playboi Carti,Kendrick Lamar,Jhené Aiko",2025-03-14,190053,75,true,v4r22b3zuhb58uhdj57xbfi1h,2025-03-14T16:36:51Z,"rage rap,hip hop,west coast hip hop,r&b","AWGE/Interscope Records",0.766,0.694,8,-5.378,1,0.0431,0.0801,0.00779,0.0901,0.212,142.038,4
spotify:track:2n9fC0A4ptmWqYeMXEVaok,"GOOD CREDIT (with Kendrick Lamar)","MUSIC","Playboi Carti,Kendrick Lamar",2025-03-14,190373,79,true,v4r22b3zuhb58uhdj57xbfi1h,2025-03-14T16:36:51Z,"rage rap,hip hop,west coast hip hop","AWGE/Interscope Records",0.744,0.679,0,-7.375,1,0.219,0.0197,0.00000368,0.856,0.397,145.041,4
spotify:track:1pzN8bCzy017iK3vWzkk6Z,"WAKE UP F1LTHY (with Travis Scott)","MUSIC","Playboi Carti,Travis Scott",2025-03-14,169333,74,true,v4r22b3zuhb58uhdj57xbfi1h,2025-03-14T16:36:51Z,"rage rap,rap","AWGE/Interscope Records",0.692,0.694,10,-6.018,0,0.0557,0.0647,0,0.285,0.318,124.993,4
spotify:track:593W4qZOwwdqF6YnimJjL6,"Doves In The Wind (feat. Kendrick Lamar)","Ctrl","SZA,Kendrick Lamar",2017-06-09,266080,73,true,v4r22b3zuhb58uhdj57xbfi1h,2025-03-15T00:43:02Z,"r&b,hip hop,west coast hip hop","Top Dawg Entertainment/RCA Records",0.693,0.713,10,-4.489,0,0.351,0.343,0,0.102,0.615,137.335,4
spotify:track:0Jm0RTOlF7DsbQ689QclaF,"ICU","Punisher","Phoebe Bridgers",2020-06-18,190093,63,true,v4r22b3zuhb58uhdj57xbfi1h,2025-03-15T14:55:58Z,"","Dead Oceans",0.511,0.649,2,-8.078,1,0.0318,0.418,0.00569,0.103,0.397,133.976,4
spotify:track:1hkguHC33aftQObI7mOcoj,"Am I Dreaming (Metro Boomin & A$AP Rocky Roisee)","METRO BOOMIN PRESENTS SPIDER-MAN: ACROSS THE SPIDER-VERSE (SOUNDTRACK FROM AND INSPIRED BY THE MOTION PICTURE / DELUXE EDITION)","Metro Boomin,A$AP Rocky,Roisee",2023-06-05,256026,52,false,v4r22b3zuhb58uhdj57xbfi1h,2025-03-16T12:35:57Z,"rap","Republic Records",0.6,0.537,9,-7.777,0,0.0362,0.0468,0.0038,0.206,0.126,90.061,4
spotify:track:3cxZT78mZDyLsLPJKcTu3U,"Right Side of My Neck","Atlanta Millionaires Club","Faye Webster",2019-05-24,153320,76,false,v4r22b3zuhb58uhdj57xbfi1h,2025-03-17T18:09:01Z,"","Secretly Canadian",0.716,0.515,1,-9.073,1,0.0261,0.00116,0.000249,0.326,0.315,117.039,4
spotify:track:5WbfFTuIldjL9x7W6y5l7R,"Kingston","Atlanta Millionaires Club","Faye Webster",2019-05-24,202653,82,false,v4r22b3zuhb58uhdj57xbfi1h,2025-03-17T18:09:01Z,"","Secretly Canadian",0.73,0.355,10,-9.13,0,0.0359,0.154,0.00155,0.117,0.56,142.143,4
spotify:track:5mIOsPuQdXchVY0jB5NO9Q,"4EVER","4EVER","Clairo",2018-04-27,159595,79,false,v4r22b3zuhb58uhdj57xbfi1h,2025-03-27T06:42:22Z,"bedroom pop","FADER Label",0.75,0.585,9,-7.576,0,0.0285,0.049,0.00552,0.155,0.584,102.331,4
spotify:track:7DfFc7a6Rwfi3YQMRbDMau,"Thinkin Bout You","channel ORANGE","Frank Ocean",2012-07-10,200746,87,false,v4r22b3zuhb58uhdj57xbfi1h,2025-04-02T16:06:08Z,"","Red Zone Entertainment / IDJ",0.721,0.339,0,-11.195,1,0.0532,0.409,0.00153,0.0973,0.2,129.83,4
spotify:track:4QhWbupniDd44EDtnh2bFJ,"Pyramids","channel ORANGE","Frank Ocean",2012-07-10,592920,82,true,v4r22b3zuhb58uhdj57xbfi1h,2025-04-02T20:20:36Z,"","Red Zone Entertainment / IDJ",0.4,0.65,5,-6.104,0,0.0466,0.0118,0.0000762,0.791,0.15,107.989,4
spotify:track:4iYRa2btalAzPZoSYfROqF,"XXX. FEAT. U2.","DAMN.","Kendrick Lamar,U2",2017-04-14,254200,72,true,v4r22b3zuhb58uhdj57xbfi1h,2025-04-08T21:17:37Z,"hip hop,west coast hip hop,rock","Aftermath",0.568,0.619,1,-6.899,1,0.414,0.138,0.00000167,0.11,0.293,170.115,4
spotify:track:2LTlO3NuNVN70lp2ZbVswF,"FEEL.","DAMN.","Kendrick Lamar",2017-04-14,214826,71,true,v4r22b3zuhb58uhdj57xbfi1h,2025-04-11T12:49:53Z,"hip hop,west coast hip hop","Aftermath",0.746,0.798,0,-8.382,1,0.349,0.137,0,0.139,0.553,109.968,4
spotify:track:1ZkfNNoRrgt69wTjcmJZE9,"Chaeri","Mercurial World","Magdalena Bay",2021-10-08,257130,52,false,v4r22b3zuhb58uhdj57xbfi1h,2025-04-27T21:50:50Z,"","Luminelle Recordings",0.675,0.555,8,-9.208,1,0.0415,0.0344,0.00471,0.119,0.147,121.034,4
spotify:track:66st0nh6vlK7t2yzWfzmcA,"She Looked Like Me!","Imaginal Disk","Magdalena Bay",2024-08-23,193186,59,false,v4r22b3zuhb58uhdj57xbfi1h,2025-04-28T15:31:05Z,"","Mom+Pop",0.393,0.752,2,-7.249,1,0.0524,0.0543,0.0276,0.165,0.153,130.036,3
spotify:track:4SKvKJaqkRl1bUZWEqTYzl,"Sidelines","Sidelines","Phoebe Bridgers",2022-04-15,264372,72,false,v4r22b3zuhb58uhdj57xbfi1h,2025-04-28T23:00:16Z,"","Dead Oceans",0.405,0.544,10,-9.451,1,0.0327,0.524,0.391,0.141,0.0412,179.863,4
spotify:track:6luBKkFUt5wTwz7hpLhp12,"drive ME crazy!","Let’s Start Here.","Lil Yachty",2023-01-27,229804,79,true,v4r22b3zuhb58uhdj57xbfi1h,2025-05-03T21:32:05Z,"","Quality Control Music/Motown Records",0.497,0.825,10,-3.621,0,0.0925,0.172,0.00319,0.377,0.44,107.073,4
spotify:track:4iz9lGMjU1lXS51oPmUmTe,"Homecoming","Graduation","Kanye West,Chris Martin",2007-09-11,203493,83,true,v4r22b3zuhb58uhdj57xbfi1h,2025-05-13T20:02:18Z,"rap","Roc-A-Fella",0.67,0.747,1,-7.059,1,0.189,0.337,0,0.115,0.918,86.918,4
spotify:track:4jVBIpuOiMj1crqd8LoCrJ,"FRANCHISE (feat. Young Thug & M.I.A.)","FRANCHISE (feat. Young Thug & M.I.A.)","Travis Scott,Young Thug,M.I.A.",2020-09-25,202794,78,true,v4r22b3zuhb58uhdj57xbfi1h,2025-05-14T10:55:58Z,"rap,melodic rap,trap","Cactus Jack/Epic",0.835,0.699,8,-5.405,0,0.277,0.00671,0,0.195,0.547,154.981,4
spotify:track:1SGt65i9AnXYdDQt1AtDRH,"3500 (feat. Future & 2 Chainz)","Rodeo","Travis Scott,Future,2 Chainz",2015-09-04,461840,72,true,v4r22b3zuhb58uhdj57xbfi1h,2025-05-17T08:28:54Z,"rap,southern hip hop","Cactus Jack / Epic",0.781,0.595,8,-6.069,0,0.155,0.113,0.00000248,0.13,0.338,123.973,4
spotify:track:3tgHGoK5ItQv2q2yqggxlb,"Secrets (Your Fire)","Mercurial World","Magdalena Bay",2021-10-08,245897,59,false,v4r22b3zuhb58uhdj57xbfi1h,2025-05-17T12:41:20Z,"","Luminelle Recordings",0.691,0.827,10,-5.573,0,0.0402,0.00177,0.637,0.416,0.826,107.997,4
spotify:track:07ZJYwSX32GOYOk3tybj2T,"Dreamcatching","Mercurial World","Magdalena Bay",2021-10-08,207391,53,false,v4r22b3zuhb58uhdj57xbfi1h,2025-05-17T13:21:14Z,"","Luminelle Recordings",0.626,0.728,2,-9.615,1,0.0374,0.0297,0.792,0.0966,0.19,121.965,4
spotify:track:3ODXRUPL44f04cCacwiCLC,"i","To Pimp A Butterfly","Kendrick Lamar",2015-03-16,336013,67,true,v4r22b3zuhb58uhdj57xbfi1h,2025-05-19T10:35:59Z,"hip hop,west coast hip hop","Aftermath",0.541,0.809,8,-4.286,1,0.324,0.708,0,0.72,0.753,120.094,4
spotify:track:3SsJ17EnPIu1B4GZshqjIS,"Feel The Fiyaaaah (with A$AP Rocky & feat. Takeoff)","HEROES & VILLAINS","Metro Boomin,A$AP Rocky,Takeoff",2022-12-02,189426,69,true,v4r22b3zuhb58uhdj57xbfi1h,2025-05-21T15:22:15Z,"rap","Republic Records",0.498,0.768,8,-5.99,1,0.295,0.0821,0,0.319,0.387,177.97,3
spotify:track:4PvbbMYL4fkToni5BLaYRb,"Softly","Immunity","Clairo",2019-08-02,185306,71,false,v4r22b3zuhb58uhdj57xbfi1h,2025-05-23T17:48:52Z,"bedroom pop","FADER Label",0.759,0.436,0,-11.233,0,0.0419,0.33,0.0113,0.102,0.782,94.03,4
spotify:track:3jgrNd3uPU1c2PFBKYsV9d,"Alewife","Immunity","Clairo",2019-08-02,213000,61,false,v4r22b3zuhb58uhdj57xbfi1h,2025-05-23T17:48:58Z,"bedroom pop","FADER Label",0.433,0.329,3,-13.288,1,0.0343,0.932,0.0474,0.1,0.264,102.971,4
spotify:track:7wBJfHzpfI3032CSD7CE2m,"STARGAZING","ASTROWORLD","Travis Scott",2018-08-03,270714,78,true,v4r22b3zuhb58uhdj57xbfi1h,2025-05-23T18:48:34Z,"rap","Cactus Jack / Epic",0.487,0.789,8,-3.69,1,0.044,0.00947,0.00000405,0.189,0.0564,150.007,4
spotify:track:7B3z0ySL9Rr0XvZEAjWZzM,"Sofia","Immunity","Clairo",2019-08-02,188386,82,false,v4r22b3zuhb58uhdj57xbfi1h,2025-05-24T20:05:56Z,"bedroom pop","FADER Label",0.744,0.619,0,-9.805,1,0.039,0.598,0.00372,0.231,0.641,112.997,4
spotify:track:2VjXGuPVVxyhMgER3Uz2Fe,"Ex-Factor","The Miseducation of Lauryn Hill","Ms. Lauryn Hill",1998-08-25,326533,78,false,v4r22b3zuhb58uhdj57xbfi1h,2025-06-05T13:44:13Z,"neo soul","Ruffhouse/Columbia",0.593,0.619,3,-9.003,0,0.0976,0.118,0,0.484,0.668,80.02,4
spotify:track:0uEp9E98JB5awlA084uaIg,"Doo Wop (That Thing)","The Miseducation of Lauryn Hill","Ms. Lauryn Hill",1998-08-25,320266,79,false,v4r22b3zuhb58uhdj57xbfi1h,2025-06-08T22:50:57Z,"neo soul","Ruffhouse/Columbia",0.535,0.505,2,-8.926,0,0.245,0.0393,0,0.0923,0.495,99.935,4
spotify:track:5xoMRan7YOKvYL6vueYugk,"The Beginning","Mercurial World","Magdalena Bay",2021-10-08,241304,49,false,v4r22b3zuhb58uhdj57xbfi1h,2025-06-20T11:10:23Z,"","Luminelle Recordings",0.669,0.691,4,-8.004,0,0.0374,0.0297,0.491,0.294,0.551,120.01,4
spotify:track:30YK7cZlruEW0Clyxwk2nH,"Mercurial World","Mercurial World","Magdalena Bay",2021-10-08,181173,48,false,v4r22b3zuhb58uhdj57xbfi1h,2025-06-20T11:10:28Z,"","Luminelle Recordings",0.574,0.673,10,-6.863,0,0.0479,0.00424,0.00172,0.336,0.334,119.987,4
spotify:track:51OeGmOdQjsNJkzMtpNbFo,"Follow The Leader","Mercurial World","Magdalena Bay",2021-10-08,184434,43,false,v4r22b3zuhb58uhdj57xbfi1h,2025-06-20T11:11:25Z,"","Luminelle Recordings",0.604,0.517,8,-8.882,1,0.0412,0.00919,0.148,0.575,0.442,159.945,4
spotify:track:5pUl86WPdIEncWK57kGcOY,"Fear Sex","Imaginal Disk","Magdalena Bay",2024-08-23,152053,62,false,v4r22b3zuhb58uhdj57xbfi1h,2025-06-21T23:19:56Z,"","Mom+Pop",0.622,0.773,10,-5.68,0,0.0324,0.0366,0.00023,0.115,0.133,105.968,4
spotify:track:0ThaVtdQ5zuAYLjvoT342v,"Killer","Stranger in the Alps","Phoebe Bridgers",2017-09-22,189213,61,false,v4r22b3zuhb58uhdj57xbfi1h,2025-06-26T00:44:51Z,"","Dead Oceans",0.326,0.127,0,-13.775,1,0.0368,0.972,0.00000563,0.113,0.076,171.668,5
spotify:track:7hGCCQkdyF1MX6uk339uBS,"What Was That","Virgin","Lorde",2025-06-27,209286,76,false,v4r22b3zuhb58uhdj57xbfi1h,2025-06-27T19:10:42Z,"","Universal Music New Zealand Limited",0.603,0.612,0,-6.732,1,0.159,0.352,0.0000268,0.103,0.174,126.612,4
spotify:track:6xCKXznjcHv2hZWDA0pRIe,"Broken Glass","Virgin","Lorde",2025-06-27,194038,76,false,v4r22b3zuhb58uhdj57xbfi1h,2025-06-27T19:10:42Z,"","Universal Music New Zealand Limited",0.54,0.513,7,-5.695,1,0.458,0.452,0,0.168,0.654,64.976,4
